topic_or_no_concern,TP,TN,FP,FN,N
A1.1_PRIVACY_INPUT_CONTENT,14,0,1,2,17
A1.2_PRIVACY_BEHAVIORAL_METADATA,10,0,2,1,13
A2.1_PRIVACY_SERVICE_PROVISION,6,0,0,0,6
A2.2_PRIVACY_MODEL_TRAINING,26,0,1,4,31
A3.1_PRIVACY_RETENTION_DURATION,26,0,3,3,32
A3.2_PRIVACY_DELETION_MECHANISM,12,0,1,0,13
A4.1_PRIVACY_THIRD_PARTY_SHARING,4,0,0,1,5
A4.2_PRIVACY_PLUGIN_EXTENSION_ACCESS,5,0,0,0,5
B1.1_PRIVACY_CONSENT_MECHANISM,21,0,0,2,23
B1.2_PRIVACY_GRANULAR_CONTROL,18,0,0,3,21
B1.3_PRIVACY_TRANSPARENCY_DISCLOSURE,8,0,3,6,17
C1.1_PRIVACY_OUTPUT_RISK,14,0,1,0,15
C1.2_PRIVACY_MEMORY_PERSONALIZATION,12,0,2,1,15
C2.2_PRIVACY_DOWNSTREAM_INTEGRATION,2,0,0,0,2
D1.1_PRIVACY_JURISDICTION_LAW,10,0,1,3,14
D1.2_PRIVACY_VULNERABLE_POPULATION,1,0,0,0,1
D2.1_PRIVACY_DATA_SECURITY,9,0,2,1,12
D2.2_PRIVACY_BREACH_NOTIFICATION,1,0,0,0,1
NO_CONCERN,0,195,0,0,195
COUNT,199,195,17,27,438
